Tag,Timestamp,Result,Details
INFERENCE_LOG,1769976974756,WAKE,0.0,1.0291735E-6,0.9831921,2.9544647,-1.0743494,0.0
INFERENCE_LOG,1769977004822,WAKE,0.0,0.81008506,0.8061735,1.9050841,-0.4528257,0.70710677
INFERENCE_LOG,1769977034876,WAKE,0.0,0.9877648,0.07417042,1.075058,0.8412368,-1.0766888
INFERENCE_LOG,1769977064930,WAKE,0.0,0.5496943,0.105979525,0.83968043,0.3791142,-0.72498435
INFERENCE_LOG,1769977094972,WAKE,0.0,0.50639457,0.1004832,0.67052096,0.33857995,-0.66236717
INFERENCE_LOG,1769977125026,WAKE,0.0,0.45735067,0.21958253,0.92028296,0.21111012,-0.32843685
INFERENCE_LOG,1769977155072,LIGHT,0.0,0.5244256,0.15418415,0.7642008,0.3301251,-0.5303788
INFERENCE_LOG,1769977185122,WAKE,0.0,0.08916042,0.42613935,0.4672424,-0.7784612,0.9314205
INFERENCE_LOG,1769977215172,WAKE,0.0,-0.66339344,0.31940576,-0.11077301,-1.1846913,1.3312687
INFERENCE_LOG,1769977245214,WAKE,0.0,-0.17672202,0.11497655,-0.026014097,-0.5205245,-0.00912908
INFERENCE_LOG,1769977275258,WAKE,0.0,-0.68841434,0.4835278,0.043436226,-1.3153743,0.84986234
INFERENCE_LOG,1769977305294,WAKE,0.0,-0.22382782,0.32603857,0.2883868,-0.89935726,-0.018491322
INFERENCE_LOG,1769977335318,WAKE,0.0,-0.38275307,0.24963297,0.25334248,-0.8962278,1.2236903
INFERENCE_LOG,1769977365343,WAKE,0.0,-0.59771425,0.8849665,0.2981309,-2.138162,1.4752909
INFERENCE_LOG,1769977395368,WAKE,0.0,-2.1163185,0.17647533,-1.7300793,-2.3126748,1.5933708
INFERENCE_LOG,1769977425407,WAKE,0.0,-1.2814093,0.23439978,-0.9666771,-1.7220343,1.8064427
INFERENCE_LOG,1769977455445,WAKE,0.0,-1.2885464,0.26185262,-0.8596768,-1.717416,0.7325771
INFERENCE_LOG,1769977485475,WAKE,0.0,-1.5432802,0.1473146,-1.1948953,-1.7787807,0.85200816
INFERENCE_LOG,1769977515504,WAKE,0.0,-1.4994197,0.07338802,-1.3442518,-1.6246758,1.7931361
INFERENCE_LOG,1769977545533,WAKE,0.0,-1.3791476,0.17489378,-1.0701766,-1.6699439,1.0189284
INFERENCE_LOG,1769977575562,WAKE,0.0,-1.4409372,0.07841528,-1.2823344,-1.59954,0.63967997
INFERENCE_LOG,1769977605587,WAKE,0.0,-1.048676,0.22667764,-0.64709896,-1.3310075,0.23397636
INFERENCE_LOG,1769977635610,LIGHT,0.0,-1.1564218,0.25032067,-0.63939345,-1.4201409,0.737283
INFERENCE_LOG,1769977665623,WAKE,0.0,-1.1601768,0.14301892,-0.94361305,-1.3561152,0.89765066
INFERENCE_LOG,1769977695643,WAKE,0.0,-1.1455631,0.10439972,-0.990402,-1.3996181,2.4172146
INFERENCE_LOG,1769977725665,WAKE,0.0,-0.8956498,0.15412138,-0.6494201,-1.0598029,1.246216
INFERENCE_LOG,1769977755682,WAKE,0.0,-0.8666109,0.20778856,-0.41360974,-1.1857709,1.2196542
INFERENCE_LOG,1769977785710,WAKE,0.0,-1.0567892,0.16294248,-0.83449155,-1.2448871,0.66480345
INFERENCE_LOG,1769977815729,WAKE,0.0,-1.0800018,0.15009402,-0.8433032,-1.3030775,0.3540366
INFERENCE_LOG,1769977845752,WAKE,0.0,-1.0856943,0.03642158,-1.0059671,-1.1586362,-0.2123216
INFERENCE_LOG,1769977875774,WAKE,0.0,-0.8083682,0.1462768,-0.67708844,-1.0862721,-0.1087274
INFERENCE_LOG,1769977905793,WAKE,0.0,-0.3350196,0.18869686,0.050381742,-0.7273339,1.0288558
INFERENCE_LOG,1769977935811,WAKE,0.0,-0.7931824,0.100113824,-0.6020573,-1.0190574,0.58553946
INFERENCE_LOG,1769977965825,WAKE,0.0,-1.0261896,0.11137292,-0.7780966,-1.1424289,1.1824547
INFERENCE_LOG,1769977995833,WAKE,0.0,-1.0256764,0.08950895,-0.85068625,-1.1625497,-0.09229978
INFERENCE_LOG,1769978025840,WAKE,0.0,-0.9557358,0.053276625,-0.87597156,-1.0840523,-0.5772305
INFERENCE_LOG,1769978055853,WAKE,0.0,-1.0345277,0.077606104,-0.8977444,-1.1574595,-0.08212191
INFERENCE_LOG,1769978085870,WAKE,0.0,-0.874619,0.14450385,-0.72011703,-1.1367517,-0.032109473
INFERENCE_LOG,1769978115883,LIGHT,0.0,-0.74799454,0.062086817,-0.59961534,-0.80909187,0.12638058
INFERENCE_LOG,1769978145901,LIGHT,0.0,-0.61466163,0.16946799,-0.37723443,-0.79932725,-0.33340135
INFERENCE_LOG,1769978175917,LIGHT,0.0,-0.7441651,0.12147306,-0.5196391,-0.83786494,-1.0479541
INFERENCE_LOG,1769978205936,LIGHT,0.0,-0.097556934,0.31685588,0.33492056,-0.52288604,0.34235007
INFERENCE_LOG,1769978235956,LIGHT,0.0,-0.63013244,0.1503646,-0.13353719,-0.72729236,0.40361792
INFERENCE_LOG,1769978265972,REM,0.0,-0.5602711,0.1231877,-0.33906645,-0.77422315,-0.6488745
INFERENCE_LOG,1769978295972,REM,0.0,-0.36518118,0.03931128,-0.27912846,-0.44391027,-1.4046391
INFERENCE_LOG,1769978325983,REM,0.0,-0.3137441,0.045633264,-0.21943727,-0.38586107,-1.536146
INFERENCE_LOG,1769978355993,REM,0.0,-0.28448194,0.10696187,-0.10334895,-0.43947205,-1.013397
INFERENCE_LOG,1769978386006,REM,0.0,-0.34382463,0.1268223,-0.15349086,-0.54923433,-0.7179329
INFERENCE_LOG,1769978416024,REM,0.0,-0.60651296,0.025798596,-0.54012674,-0.65393174,-0.8504343
INFERENCE_LOG,1769978446035,REM,0.0,-0.57030946,0.054012552,-0.41753888,-0.6466947,-1.1878366
INFERENCE_LOG,1769978476047,REM,0.0,-0.16742659,0.29179433,0.33347625,-0.533471,-0.0878644
INFERENCE_LOG,1769978506051,LIGHT,0.0,-0.3218272,0.17524533,0.10948718,-0.58994156,1.1776754
INFERENCE_LOG,1769978536056,REM,0.0,-0.7400664,0.08371102,-0.578134,-0.870783,-0.6263301
INFERENCE_LOG,1769978567053,LIGHT,0.0,-0.7878996,0.06679628,-0.6821766,-0.91711664,0.6375948
INFERENCE_LOG,1769978597061,LIGHT,0.0,-0.5713526,0.07105101,-0.38027784,-0.6757543,-0.304981
INFERENCE_LOG,1769978627070,LIGHT,0.0,-0.7900446,0.07457672,-0.6635628,-0.90071625,-0.09270623
INFERENCE_LOG,1769978657075,LIGHT,0.0,-0.6357804,0.06406579,-0.5364506,-0.71524423,-0.2197796
INFERENCE_LOG,1769978687081,LIGHT,0.0,-0.6159925,0.2694571,-0.10900007,-0.887453,0.76542044
INFERENCE_LOG,1769978717087,LIGHT,0.0,-0.7182699,0.10679755,-0.51786786,-0.87859154,-0.1176413
INFERENCE_LOG,1769978747093,WAKE,0.0,-0.068361185,0.21036758,0.26698405,-0.46027067,-0.6308889
INFERENCE_LOG,1769978777096,REM,0.0,0.30240485,0.2924186,0.75191295,-0.10235585,-0.6660711
INFERENCE_LOG,1769978807099,REM,0.0,-0.18821791,0.054276016,-0.10006891,-0.28456682,-0.99575907
INFERENCE_LOG,1769978838098,REM,0.0,-0.41384715,0.060000133,-0.27968276,-0.46544883,-1.2297275
INFERENCE_LOG,1769978868104,REM,0.0,-0.09101985,0.38476503,0.7172712,-0.46711415,0.09971874
INFERENCE_LOG,1769978898114,LIGHT,0.0,-0.27526686,0.45876637,0.7255694,-0.6534534,1.0654011
INFERENCE_LOG,1769978928125,REM,0.0,-0.44458783,0.04586521,-0.33527195,-0.52447253,-0.8770663
INFERENCE_LOG,1769978958141,REM,0.0,-0.32204,0.114844315,-0.14215878,-0.5230837,-0.6888205
INFERENCE_LOG,1769978988160,REM,0.0,-0.65987706,0.071621634,-0.51537836,-0.7703761,-0.29554507
INFERENCE_LOG,1769979018180,LIGHT,0.0,-0.61324894,0.091286205,-0.50865793,-0.7647992,-0.0500852
INFERENCE_LOG,1769979048197,LIGHT,0.0,-0.4090499,0.18121353,0.009582472,-0.57006234,0.26377636
INFERENCE_LOG,1769979078209,REM,0.0,-0.57104063,0.10743509,-0.43515503,-0.82339954,-0.26802528
INFERENCE_LOG,1769979108227,REM,0.0,-0.7778948,0.036254566,-0.6848959,-0.8146618,-0.5069824
INFERENCE_LOG,1769979138250,REM,0.0,-0.44740996,0.24026822,0.16561894,-0.7474028,-0.058530264
INFERENCE_LOG,1769979168277,REM,0.0,0.50254875,0.12513956,0.6838787,0.22509202,-0.7318081
INFERENCE_LOG,1769979198302,REM,0.0,0.0911938,0.13783926,0.2913059,-0.17049123,-1.4560596
INFERENCE_LOG,1769979228329,REM,0.0,-0.22171526,0.057874735,-0.10221888,-0.3013795,-1.2279783
INFERENCE_LOG,1769979258357,REM,0.0,-0.037793994,0.09832841,0.09806955,-0.30283925,-1.1359923
INFERENCE_LOG,1769979288387,REM,0.0,-0.26093486,0.06400605,-0.16682714,-0.36848655,-1.0488721
INFERENCE_LOG,1769979318415,REM,0.0,-0.36356828,0.13345061,-0.0954812,-0.50099105,-0.66301167
INFERENCE_LOG,1769979348450,REM,0.0,-0.3386305,0.10452185,-0.15967445,-0.4994644,-0.7360124
INFERENCE_LOG,1769979378482,REM,0.0,-0.4417866,0.06691674,-0.29153404,-0.49642387,-0.9871881
INFERENCE_LOG,1769979408513,LIGHT,0.0,-0.544401,0.084345035,-0.35463932,-0.6975821,-0.120970525
INFERENCE_LOG,1769979438555,REM,0.0,-0.5988443,0.09487698,-0.41753632,-0.69294083,-0.52406573
INFERENCE_LOG,1769979468588,REM,0.0,-0.50775844,0.091887824,-0.413248,-0.689864,-0.45232752
INFERENCE_LOG,1769979498627,REM,0.0,-0.62702173,0.040401295,-0.5460537,-0.684856,-0.5880612
INFERENCE_LOG,1769979528660,REM,0.0,-0.6994827,0.111000545,-0.5393975,-0.88740885,-0.27858588
INFERENCE_LOG,1769979558688,REM,0.0,-0.7939673,0.09811244,-0.67075104,-0.94973123,-0.25521708
INFERENCE_LOG,1769979588718,REM,0.0,-0.69524413,0.050057936,-0.5949926,-0.8048214,-0.7537313
INFERENCE_LOG,1769979618742,REM,0.0,-0.6986032,0.10510586,-0.5887174,-0.86927694,-1.1279168
INFERENCE_LOG,1769979648767,LIGHT,0.0,-0.86998606,0.050427716,-0.79039043,-0.9308533,0.05529743
INFERENCE_LOG,1769979678792,LIGHT,0.0,-0.75556755,0.16416696,-0.50217795,-0.99487996,0.5449578
INFERENCE_LOG,1769979708819,REM,0.0,-0.85063857,0.12062681,-0.5640024,-1.0573925,-0.12386511
INFERENCE_LOG,1769979738843,REM,0.0,-0.8219473,0.08087775,-0.69721466,-0.9796281,-0.21015815
INFERENCE_LOG,1769979768870,REM,0.0,-0.81925815,0.032065533,-0.76032054,-0.90177083,-0.9627414
INFERENCE_LOG,1769979798896,REM,0.0,-0.8561173,0.0353324,-0.8230669,-0.89388925,-0.26072106
INFERENCE_LOG,1769979828924,LIGHT,0.0,-0.78563166,0.09102641,-0.60350204,-0.8873404,0.10471404
INFERENCE_LOG,1769979858945,LIGHT,0.0,-0.8488851,0.1212566,-0.59545654,-1.021785,0.36613223
INFERENCE_LOG,1769979888974,REM,0.0,-0.8786954,0.06710742,-0.80044836,-1.0138495,-0.56405914
INFERENCE_LOG,1769979919000,REM,0.0,-0.8778303,0.05001861,-0.7923743,-0.934801,-1.4795998
INFERENCE_LOG,1769979949019,REM,0.0,-0.7742277,0.026592456,-0.71476513,-0.7861202,-1.578251
INFERENCE_LOG,1769979979045,REM,0.0,-0.77747804,0.039086055,-0.7083676,-0.8513547,-0.73787063
INFERENCE_LOG,1769980009072,REM,0.0,-0.78308845,0.08817683,-0.63028705,-0.91678965,0.0151457945
INFERENCE_LOG,1769980039096,REM,0.0,-0.83108187,0.033899017,-0.7665235,-0.9099866,-0.61209965
INFERENCE_LOG,1769980069125,REM,0.0,-0.81254464,0.0488465,-0.75985694,-0.90355074,-0.38073584
INFERENCE_LOG,1769980099147,REM,0.0,-0.8179195,0.056811877,-0.7531573,-0.89707327,-0.42029917
INFERENCE_LOG,1769980129170,REM,0.0,-0.8374843,0.045319203,-0.7462116,-0.8903264,-0.16852511
INFERENCE_LOG,1769980159192,REM,0.0,-0.738404,0.051003005,-0.6686015,-0.81302035,-0.29437092
INFERENCE_LOG,1769980189216,REM,0.0,-0.7758948,0.048287664,-0.6625604,-0.80724263,-0.71764284
INFERENCE_LOG,1769980219246,REM,0.0,-0.7868506,0.04347972,-0.6564114,-0.87381,-0.070975654
INFERENCE_LOG,1769980249282,REM,0.0,-0.7715219,0.034223326,-0.72312284,-0.7957215,-0.6777264
INFERENCE_LOG,1769980279316,REM,0.0,-0.7588071,0.03604353,-0.7175898,-0.7903263,-0.4604902
INFERENCE_LOG,1769980309349,REM,0.0,-0.7366941,0.0509609,-0.63951546,-0.7852834,-0.71764284
INFERENCE_LOG,1769980339383,LIGHT,0.0,-0.78446203,0.041868567,-0.70658803,-0.8526017,0.9851561
INFERENCE_LOG,1769980369419,REM,0.0,-0.80051523,0.07184912,-0.7005853,-0.91994363,-0.1459467
INFERENCE_LOG,1769980399454,LIGHT,0.0,-0.79478294,0.087642424,-0.6214639,-0.98763084,0.68105835
INFERENCE_LOG,1769980429488,LIGHT,0.0,-0.8927266,0.07181341,-0.7607969,-0.9806797,0.8779942
INFERENCE_LOG,1769980459528,REM,0.0,-0.7580712,0.055219006,-0.68219745,-0.90247595,-0.35631207
INFERENCE_LOG,1769980489559,REM,0.0,-0.7118487,0.082225606,-0.603935,-0.8246676,-0.6729159
INFERENCE_LOG,1769980519597,REM,0.0,-0.7534276,0.029175505,-0.67234594,-0.8197672,-0.61209965
INFERENCE_LOG,1769980549636,LIGHT,0.0,-0.6877218,0.07370665,-0.59415185,-0.81576484,0.05711792
INFERENCE_LOG,1769980579670,REM,0.0,-0.78338677,0.05564108,-0.6625406,-0.8845029,-0.12801577
INFERENCE_LOG,1769980609703,REM,0.0,-0.75869787,0.044810914,-0.6574071,-0.8056375,-0.38073584
INFERENCE_LOG,1769980639737,REM,0.0,-0.72450906,0.040597245,-0.6527266,-0.80124205,-1.1623322
INFERENCE_LOG,1769980669772,REM,0.0,-0.76656896,0.05631952,-0.72194105,-0.8707008,-0.27730197
INFERENCE_LOG,1769980699808,REM,0.0,-0.7813131,0.03180005,-0.7167508,-0.8657408,-0.3201065
INFERENCE_LOG,1769980729850,REM,0.0,-0.77630633,0.07394421,-0.6370336,-0.86086476,-0.27494276
INFERENCE_LOG,1769980759890,REM,0.0,-0.6655439,0.037053104,-0.63314193,-0.7079158,-0.6777264
INFERENCE_LOG,1769980789924,LIGHT,0.0,-0.7629649,0.044937015,-0.62815386,-0.85283893,0.120361276
INFERENCE_LOG,1769980819959,REM,0.0,-0.6692917,0.053424336,-0.5492041,-0.7743683,-0.27544618
INFERENCE_LOG,1769980849991,REM,0.0,-0.6779551,0.037269488,-0.6202937,-0.7707147,-0.633769
INFERENCE_LOG,1769980880021,REM,0.0,-0.726318,0.054099523,-0.6158117,-0.84184736,-0.110197924
INFERENCE_LOG,1769980910052,LIGHT,0.0,-0.6399865,0.041283872,-0.5367845,-0.68781185,-0.29437092
INFERENCE_LOG,1769980940083,REM,0.0,-0.6291004,0.043404523,-0.53323257,-0.6846028,-0.71764284
INFERENCE_LOG,1769980970111,REM,0.0,-0.59077847,0.03612097,-0.5300831,-0.6818216,-1.2425938
INFERENCE_LOG,1769981000142,REM,0.0,-0.6430168,0.03793243,-0.60246533,-0.67849934,-0.6777264
INFERENCE_LOG,1769981030172,REM,0.0,-0.5918892,0.06629683,-0.5232957,-0.6757257,-1.2164792
INFERENCE_LOG,1769981060208,REM,0.0,-0.59399873,0.08008202,-0.5201514,-0.7493328,-0.6532591
INFERENCE_LOG,1769981090243,LIGHT,0.0,-0.65424067,0.045931112,-0.59299916,-0.74610287,0.19753754
INFERENCE_LOG,1769981120283,REM,0.0,-0.6382143,0.06413283,-0.51291424,-0.7430572,-0.438135
INFERENCE_LOG,1769981150323,REM,0.0,-0.612162,0.057306856,-0.50964844,-0.74030405,-0.631408
INFERENCE_LOG,1769981180360,REM,0.0,-0.6371445,0.049334068,-0.5832117,-0.73730546,-0.40044093
INFERENCE_LOG,1769981210396,REM,0.0,-0.58555,0.059596106,-0.5031769,-0.6576265,-0.73787063
INFERENCE_LOG,1769981240429,REM,0.0,-0.57768077,0.05287738,-0.5002762,-0.6550853,-1.5458966
INFERENCE_LOG,1769981270463,LIGHT,0.0,-0.6108586,0.062487446,-0.4970857,-0.7298031,0.33054104
INFERENCE_LOG,1769981300496,REM,0.0,-0.56174517,0.03319207,-0.49435666,-0.64986855,-0.5338061
INFERENCE_LOG,1769981330527,REM,0.0,-0.6003918,0.04315359,-0.49129504,-0.64714754,-1.2164792
INFERENCE_LOG,1769981360564,REM,0.0,-0.5485834,0.071826145,-0.48869836,-0.723031,-0.29025275
INFERENCE_LOG,1769981390602,REM,0.0,-0.5823746,0.052255284,-0.48582292,-0.72067827,-0.8906946
INFERENCE_LOG,1769981420639,REM,0.0,-0.52530104,0.06940576,-0.40497294,-0.6403974,-0.36113164
INFERENCE_LOG,1769981450677,LIGHT,0.0,-0.5386487,0.08837253,-0.40230614,-0.63828367,-2.9143644E-4
INFERENCE_LOG,1769981480706,REM,0.0,-0.55718106,0.06437124,-0.4783427,-0.6360194,-0.5338061
INFERENCE_LOG,1769981510729,REM,0.0,-0.5312604,0.08449711,-0.39692065,-0.71301407,-0.50685793
INFERENCE_LOG,1769981540753,REM,0.0,-0.43734974,0.044508435,-0.31585962,-0.474325,-1.1125419
INFERENCE_LOG,1769981570778,LIGHT,0.0,-0.46451408,0.16578762,-0.0753157,-0.6313134,0.03428961
INFERENCE_LOG,1769981600815,LIGHT,0.0,-0.38890246,0.14169845,-0.072990656,-0.55084044,1.270182
INFERENCE_LOG,1769981630847,LIGHT,0.0,1.2497551,0.7295344,2.1412003,-0.2395139,3.0762722
INFERENCE_LOG,1769981660884,LIGHT,0.0,-0.048772033,0.9047728,1.5869237,-0.95396286,3.1309206
INFERENCE_LOG,1769981690922,LIGHT,0.0,0.23306899,0.8828692,1.9040555,-0.8765084,3.2416506
INFERENCE_LOG,1769981720996,WAKE,0.0,0.3789698,0.922866,1.9016778,-0.6405826,4.3390064
INFERENCE_LOG,1769981751073,LIGHT,0.0,0.27991906,0.3681947,0.7099851,-0.64392656,1.8125129
INFERENCE_LOG,1769981781148,LIGHT,0.0,-0.39818624,0.22669305,0.1553587,-0.64302343,1.6734252
INFERENCE_LOG,1769981811218,LIGHT,0.0,-0.30665264,0.097835235,-0.16254419,-0.48278517,0.2339282
INFERENCE_LOG,1769981841278,REM,0.0,-0.33482876,0.17101721,-0.08063351,-0.6425388,-0.44857907
INFERENCE_LOG,1769981871343,LIGHT,0.0,-0.18157038,0.54670626,0.80511916,-0.6427405,2.3315735
INFERENCE_LOG,1769981901409,LIGHT,0.0,-0.32507607,0.43206435,0.56700814,-0.88397217,2.6808004
INFERENCE_LOG,1769981931484,LIGHT,0.0,-0.561942,0.14370897,-0.3977063,-0.88233614,0.37835804
INFERENCE_LOG,1769981962311,LIGHT,0.0,-0.4875387,0.13500872,-0.23392512,-0.71956813,0.40824908
INFERENCE_LOG,1769981992399,LIGHT,0.0,0.5674523,0.47441688,1.1402048,-0.23764312,0.9339731
INFERENCE_LOG,1769982022468,LIGHT,0.0,-0.43320298,0.3171333,0.5766492,-0.6416711,1.7802907
INFERENCE_LOG,1769982052522,REM,0.0,-0.40741494,0.11463013,-0.1523039,-0.55939597,-0.10969022
INFERENCE_LOG,1769982082568,REM,0.0,-0.4816502,0.078645706,-0.31300905,-0.6394113,-0.45454624
INFERENCE_LOG,1769982112603,LIGHT,0.0,-0.5259228,0.04470556,-0.4741336,-0.6376783,-0.020476049
INFERENCE_LOG,1769982142635,LIGHT,0.0,-0.5049945,0.05435845,-0.3902667,-0.636112,0.39443022
INFERENCE_LOG,1769982172664,REM,0.0,-0.4134404,0.097538635,-0.22451302,-0.5530824,-0.7501614
INFERENCE_LOG,1769982202690,LIGHT,0.0,-0.55645084,0.08482514,-0.3863575,-0.7978737,0.376646
INFERENCE_LOG,1769982232723,REM,0.0,-0.5352566,0.11678851,-0.38406628,-0.7964037,-0.31434274
INFERENCE_LOG,1769982262777,LIGHT,0.0,-0.49774584,0.08153255,-0.3820472,-0.7126148,0.01860446
INFERENCE_LOG,1769982292871,LIGHT,0.0,-0.6165349,0.08478397,-0.46200386,-0.7931418,0.6761316
INFERENCE_LOG,1769982322941,REM,0.0,-0.507116,0.0700091,-0.4601077,-0.7089751,-0.5130241
INFERENCE_LOG,1769982352988,LIGHT,0.0,-0.55209476,0.10004442,-0.37478444,-0.70724136,-0.010219397
INFERENCE_LOG,1769982383031,REM,0.0,-0.5804088,0.04685664,-0.53877556,-0.70530844,-1.1343567
INFERENCE_LOG,1769982413068,REM,0.0,-0.47333452,0.04134961,-0.37041992,-0.53730845,-0.81620854
INFERENCE_LOG,1769982443093,REM,0.0,-0.6045616,0.08920354,-0.45131785,-0.70208037,-0.39829555
INFERENCE_LOG,1769982473124,REM,0.0,-0.51362413,0.041503564,-0.449412,-0.6169219,-0.7582847
INFERENCE_LOG,1769982503163,LIGHT,0.0,-0.48407838,0.046896588,-0.44770938,-0.6155664,-0.005165744
INFERENCE_LOG,1769982533196,REM,0.0,-0.52700454,0.1006348,-0.3616281,-0.697987,-0.3227184
INFERENCE_LOG,1769982563233,REM,0.0,-0.5893277,0.07513304,-0.5275549,-0.69602615,-1.4795998
INFERENCE_LOG,1769982593268,REM,0.0,-0.46706134,0.072775856,-0.35732794,-0.52614856,-0.62252164
INFERENCE_LOG,1769982623304,LIGHT,0.0,-0.37587786,0.06797463,-0.27153555,-0.4407393,0.37909025
INFERENCE_LOG,1769982653346,REM,0.0,-0.5291775,0.08735825,-0.35400465,-0.69304883,-0.4722586
INFERENCE_LOG,1769982683382,REM,0.0,-0.51333386,0.080116786,-0.351979,-0.69167346,-0.30359125
INFERENCE_LOG,1769982713422,LIGHT,0.0,-0.46936682,0.06443351,-0.3502327,-0.6055201,0.42121965
INFERENCE_LOG,1769982743454,REM,0.0,-0.5610435,0.065108016,-0.43317387,-0.6889131,-0.24001095
INFERENCE_LOG,1769982773482,REM,0.0,-0.41486162,0.051257104,-0.3465188,-0.5173758,-0.8351138
INFERENCE_LOG,1769982803507,REM,0.0,-0.4448008,0.09655389,-0.34493077,-0.60173935,-0.08987683
INFERENCE_LOG,1769982833537,REM,0.0,-0.42638156,0.07505502,-0.34345987,-0.600803,-0.2750753
INFERENCE_LOG,1769982863563,LIGHT,0.0,-0.49058002,0.10392627,-0.34160936,-0.77133244,0.6332776
INFERENCE_LOG,1769982893595,LIGHT,0.0,-0.5802763,0.07168244,-0.51140606,-0.6835817,0.011639985
INFERENCE_LOG,1769982923622,REM,0.0,-0.47549456,0.05270283,-0.4237414,-0.5962519,-0.7582847
INFERENCE_LOG,1769982953655,REM,0.0,-0.39097932,0.047256418,-0.3362351,-0.5091116,-0.8541895
INFERENCE_LOG,1769982983690,REM,0.0,-0.39846727,0.03830461,-0.33494627,-0.42156583,-1.0930653
INFERENCE_LOG,1769983013727,REM,0.0,-0.4260872,0.02165064,-0.4203008,-0.50709647,-1.269113
INFERENCE_LOG,1769983043762,REM,0.0,-0.43348783,0.05976384,-0.3320238,-0.50596213,-0.605327
INFERENCE_LOG,1769983073793,REM,0.0,-0.4120057,0.044625625,-0.33066902,-0.50496185,-0.81620854
INFERENCE_LOG,1769983103830,REM,0.0,-0.48894793,0.055600625,-0.4161912,-0.5908074,-0.13803506
INFERENCE_LOG,1769983133859,REM,0.0,-0.3192931,0.03463309,-0.24054405,-0.415542,-0.9260946
INFERENCE_LOG,1769983163883,REM,0.0,-0.40564364,0.04143401,-0.32673535,-0.5020871,-0.62252164
INFERENCE_LOG,1769983193908,REM,0.0,-0.50639397,0.021909412,-0.5005384,-0.58837146,-1.1907516
INFERENCE_LOG,1769983223934,REM,0.0,-0.5427619,0.04399064,-0.49877125,-0.58675253,-1.9358858
INFERENCE_LOG,1769983253959,REM,0.0,-0.38041615,0.073172264,-0.23348272,-0.49796292,-0.17115265
INFERENCE_LOG,1769983283986,LIGHT,0.0,-0.5257394,0.09493021,-0.40799296,-0.76123226,0.12758917
INFERENCE_LOG,1769983314012,REM,0.0,-0.4273764,0.15440358,-0.22978058,-0.6721592,-0.52163565
INFERENCE_LOG,1769983344039,REM,0.0,-0.37622425,0.05760618,-0.22846752,-0.49442965,-0.67121655
INFERENCE_LOG,1769983374064,REM,0.0,-0.41350228,0.04197756,-0.3157936,-0.49344572,-0.049687937
INFERENCE_LOG,1769983404092,REM,0.0,-0.450724,0.044396445,-0.4032622,-0.49225307,-0.7788905
INFERENCE_LOG,1769983434119,LIGHT,0.0,-0.40216836,0.086139314,-0.22384302,-0.5804937,0.30202147
INFERENCE_LOG,1769983464145,REM,0.0,-0.5106428,0.037775896,-0.48980275,-0.5791175,-0.91801345
INFERENCE_LOG,1769983494174,REM,0.0,-0.39348435,0.051320314,-0.30996224,-0.4889382,-1.6078181
INFERENCE_LOG,1769983524199,REM,0.0,-0.26754206,0.05037599,-0.13003585,-0.30939177,-1.453478
INFERENCE_LOG,1769983554226,REM,0.0,-0.35034013,0.064519025,-0.21855043,-0.39826366,-0.72284716
INFERENCE_LOG,1769983584252,REM,0.0,-0.4031854,0.056620777,-0.30715674,-0.48721045,-0.8351138
INFERENCE_LOG,1769983614278,REM,0.0,-0.40810344,0.083101384,-0.30588236,-0.5764676,-0.550489
INFERENCE_LOG,1769983644297,REM,0.0,-0.39804497,0.016221162,-0.3950328,-0.48539862,-1.578251
INFERENCE_LOG,1769983674314,LIGHT,0.0,0.7248973,0.83391637,1.9502462,-0.4884089,3.111459
INFERENCE_LOG,1769983704338,WAKE,0.0,0.22130889,0.7601612,2.6740482,-0.48980471,5.6132746
INFERENCE_LOG,1769983734365,WAKE,0.0,1.0792562,0.82024246,2.6642292,-0.22300811,4.9977217
INFERENCE_LOG,1769983764383,WAKE,0.0,-0.30637768,0.38410163,0.6817502,-0.5835355,1.3374695
INFERENCE_LOG,1769983794404,LIGHT,0.0,-0.1884423,0.18922025,0.14060101,-0.49333566,0.2949037
INFERENCE_LOG,1769983824422,LIGHT,0.0,-0.20306845,0.094891556,0.051034264,-0.3119696,-0.37535432
INFERENCE_LOG,1769983854444,LIGHT,0.0,-0.14827709,0.17633644,0.051787782,-0.49384367,0.7178858
INFERENCE_LOG,1769983884466,DEEP,0.0,-0.32632765,0.12014697,-0.22003,-0.5844791,-0.79109174
INFERENCE_LOG,1769983914488,LIGHT,0.0,-0.18923183,0.08924886,-0.037063792,-0.4022671,-0.33747533
INFERENCE_LOG,1769983944517,DEEP,0.0,-0.14933601,0.09933813,0.054994423,-0.31097054,-0.5966131
INFERENCE_LOG,1769983974543,LIGHT,0.0,-0.37409267,0.09211548,-0.2182735,-0.5849068,-0.086743884
INFERENCE_LOG,1769984004570,LIGHT,0.0,-0.31834486,0.07250367,-0.12549509,-0.40099475,-0.2386141
INFERENCE_LOG,1769984034586,DEEP,0.0,-0.35422593,0.07026848,-0.21622139,-0.40022746,-1.1322271
INFERENCE_LOG,1769984064596,LIGHT,0.0,-0.40841207,0.08362748,-0.3070317,-0.5835236,-0.22862943
INFERENCE_LOG,1769984094615,LIGHT,0.0,-0.3675856,0.10207466,-0.21370228,-0.4906923,0.13726854
INFERENCE_LOG,1769984124636,LIGHT,0.0,-0.36056975,0.077756606,-0.21257374,-0.49006623,0.30885738
INFERENCE_LOG,1769984154647,LIGHT,0.0,-0.37201226,0.07540642,-0.21139637,-0.48938543,-0.11685382
INFERENCE_LOG,1769984184652,LIGHT,0.0,-0.34649166,0.05214792,-0.30316994,-0.4888345,0.15782042
INFERENCE_LOG,1769984214664,WAKE,0.0,0.046388075,0.37941715,0.7190646,-0.39689645,1.7326227
INFERENCE_LOG,1769984244669,DEEP,0.0,-0.17023739,0.11953128,0.1621066,-0.30379617,-0.55352336
INFERENCE_LOG,1769984274671,DEEP,0.0,-0.3712576,0.047799934,-0.30280438,-0.48949504,-0.8351138
INFERENCE_LOG,1769984304679,DEEP,0.0,-0.3393635,0.0708073,-0.20844454,-0.3954716,-1.1322271
INFERENCE_LOG,1769984334688,LIGHT,0.0,-0.38831377,0.12076962,-0.11354044,-0.48823133,0.3149518
INFERENCE_LOG,1769984364704,LIGHT,0.0,-0.35004327,0.06287132,-0.20615688,-0.4876737,-0.13255347
INFERENCE_LOG,1769984394708,LIGHT,0.0,-0.41784683,0.14547628,-0.11080758,-0.5807656,0.30684632
INFERENCE_LOG,1769984424710,LIGHT,0.0,-0.19811012,0.13953544,-0.016048234,-0.392728,-0.17830801
INFERENCE_LOG,1769984454715,LIGHT,0.0,-0.31042743,0.071984544,-0.20350902,-0.39218858,-0.3777239
INFERENCE_LOG,1769984484726,WAKE,0.0,-0.38501468,0.02357251,-0.29681444,-0.39131472,-1.6380496
INFERENCE_LOG,1769984514739,DEEP,0.0,-0.38413316,0.06435634,-0.29578394,-0.4851037,-0.8351138
INFERENCE_LOG,1769984544748,DEEP,0.0,-0.37067407,0.037928604,-0.29481685,-0.38963836,-0.87344015
INFERENCE_LOG,1769984574758,LIGHT,0.0,-0.35408038,0.06244631,-0.29392347,-0.48389268,-0.13403605
INFERENCE_LOG,1769984604776,REM,0.0,-0.37223583,0.09851963,-0.29294935,-0.57838064,-0.3923559
INFERENCE_LOG,1769984634800,LIGHT,0.0,-0.39986753,0.047543984,-0.2918609,-0.48246086,0.2595957
INFERENCE_LOG,1769984664814,LIGHT,0.0,-0.40529656,0.05727289,-0.2907508,-0.48166043,-0.09155127
INFERENCE_LOG,1769984694825,DEEP,0.0,-0.42975837,0.047696505,-0.3851424,-0.4807481,-0.7788905
INFERENCE_LOG,1769984724842,WAKE,0.0,-0.44465524,0.07613564,-0.28825843,-0.5755179,-0.550489
INFERENCE_LOG,1769984754862,WAKE,0.0,-0.29718482,0.20623317,0.2878891,-0.5753347,1.0823228
INFERENCE_LOG,1769984784883,WAKE,0.0,1.3778303,0.89499927,2.76719,0.090441965,3.5773597
INFERENCE_LOG,1769984814890,WAKE,0.0,-0.31675872,0.16756839,0.0918075,-0.57849646,0.80120796
INFERENCE_LOG,1769984844901,WAKE,0.0,-0.40204507,0.07463455,-0.2901503,-0.4819699,-0.105642416
INFERENCE_LOG,1769984874913,WAKE,0.0,-0.44259766,0.047057588,-0.3849641,-0.48102,-1.269113
INFERENCE_LOG,1769984904929,WAKE,0.0,-0.29789442,0.09411216,-0.19205241,-0.48071244,-0.72097343
INFERENCE_LOG,1769984934937,WAKE,0.0,-0.40924612,0.06551918,-0.28717712,-0.47991765,-0.09155127
INFERENCE_LOG,1769984964944,WAKE,0.0,-0.47559464,0.12578918,-0.18928923,-0.6718264,0.7506256
INFERENCE_LOG,1769984994951,WAKE,0.0,-0.42959133,0.12907013,-0.18796209,-0.67122054,0.12296542
INFERENCE_LOG,1769985024958,WAKE,0.0,-0.38366243,0.06837505,-0.2836311,-0.47724018,-1.0503116
INFERENCE_LOG,1769985055955,WAKE,0.0,-0.43108842,0.048369966,-0.37937874,-0.47633436,-1.578251
INFERENCE_LOG,1769985086949,WAKE,0.0,-0.28183618,0.09712465,-0.18471152,-0.47608548,-0.39012495
INFERENCE_LOG,1769985116958,WAKE,0.0,-0.45886657,0.08729766,-0.28054813,-0.572342,-0.98305196
INFERENCE_LOG,1769985146968,WAKE,0.0,-0.36085135,0.036306206,-0.2796682,-0.37708798,-0.16271847
INFERENCE_LOG,1769985176989,WAKE,0.0,-0.42811278,0.07859156,-0.27851427,-0.57120705,-0.58623135
INFERENCE_LOG,1769985207009,WAKE,0.0,-0.4077214,0.119225815,-0.17973131,-0.5705714,-0.56353015
INFERENCE_LOG,1769985237023,WAKE,0.0,-0.33863565,0.06434095,-0.1787871,-0.37452003,-1.3648803
INFERENCE_LOG,1769985267035,WAKE,0.0,-0.3216778,0.0829191,-0.17790912,-0.47198144,-0.8521986
INFERENCE_LOG,1769985297046,WAKE,0.0,-0.35037318,0.054859154,-0.27510285,-0.47146022,-0.30709574
INFERENCE_LOG,1769985327072,WAKE,0.0,-0.39863026,0.043481722,-0.3724098,-0.47073653,-0.38042003
INFERENCE_LOG,1769985357086,WAKE,0.0,-0.3912624,0.077954896,-0.27309266,-0.568517,-0.1992606
INFERENCE_LOG,1769985387098,WAKE,0.0,-0.37736183,0.035407547,-0.27216154,-0.46941206,-1.3175738
INFERENCE_LOG,1769985417106,WAKE,0.0,-0.34052017,0.07281141,-0.17259525,-0.46893337,-1.0693464
INFERENCE_LOG,1769985447119,WAKE,0.0,-0.47119612,0.103689045,-0.17115821,-0.5668126,-0.35582545
INFERENCE_LOG,1769985477137,WAKE,0.0,-0.46358487,0.16271573,-0.16974834,-0.66497844,-0.31722942
INFERENCE_LOG,1769985507163,WAKE,0.0,-0.32428446,0.094746634,-0.16887048,-0.4664717,-0.24542889
INFERENCE_LOG,1769985537191,WAKE,0.0,-0.3533458,0.049565576,-0.26724058,-0.46594495,-0.7974687
INFERENCE_LOG,1769985567210,WAKE,0.0,-0.29978597,0.046909373,-0.26661605,-0.36612585,-1.0930653
INFERENCE_LOG,1769985597229,WAKE,0.0,-0.3720163,0.09253796,-0.26571488,-0.5646876,-0.22862943
INFERENCE_LOG,1769985627242,WAKE,0.0,-0.38121498,0.11832247,-0.16497535,-0.564187,-0.4064693
INFERENCE_LOG,1769985657256,WAKE,0.0,-0.2476871,0.08195944,-0.16438398,-0.3643115,-1.1125419
INFERENCE_LOG,1769985687275,WAKE,0.0,-0.35362485,0.08316032,-0.26352292,-0.56386274,-0.77448595
INFERENCE_LOG,1769985717291,WAKE,0.0,-0.26302934,0.15316384,-0.062490813,-0.5638372,0.083382145
INFERENCE_LOG,1769985747308,WAKE,0.0,-0.45260167,0.08340222,-0.26183316,-0.5630466,-1.2662693
INFERENCE_LOG,1769985777323,WAKE,0.0,0.24625196,0.66350436,1.3449422,-0.66485703,2.348068
INFERENCE_LOG,1769985807335,WAKE,0.0,-0.446213,0.08649625,-0.36235848,-0.66423476,0.5125626
INFERENCE_LOG,1769985837355,WAKE,0.0,-0.35831034,0.1205988,-0.16012637,-0.5632124,-0.085285716
INFERENCE_LOG,1769985867372,WAKE,0.0,-0.3777228,0.14051664,-0.15907586,-0.56273174,-0.20736083
INFERENCE_LOG,1769985897388,WAKE,0.0,-0.5815857,0.1365369,-0.258312,-0.76342714,0.602081
INFERENCE_LOG,1769985927400,WAKE,0.0,-0.4762079,0.094469145,-0.3581967,-0.66165406,-0.15211533
INFERENCE_LOG,1769985957410,WAKE,0.0,-0.36760697,0.10894295,-0.15488404,-0.5600706,-0.25521708
INFERENCE_LOG,1769985987424,WAKE,0.0,-0.4982508,0.0767958,-0.35625947,-0.55910426,-1.5458966
INFERENCE_LOG,1769986017436,WAKE,0.0,-0.39268783,0.103186324,-0.25388506,-0.5585741,-0.37669647
INFERENCE_LOG,1769986047440,WAKE,0.0,-0.47972596,0.085820414,-0.35430697,-0.55768913,-0.9627414
INFERENCE_LOG,1769986077447,WAKE,0.0,-0.43818337,0.079238,-0.3533288,-0.5569798,0.15111013
INFERENCE_LOG,1769986107461,WAKE,0.0,-0.15274064,0.54356086,1.0739322,-0.6590405,1.1674582
INFERENCE_LOG,1769986137470,WAKE,0.0,0.28815377,0.8380823,2.6029954,-0.558242,4.306203
INFERENCE_LOG,1769986167480,LIGHT,0.0,1.804859,1.1058464,3.089154,0.04740282,3.3889823
INFERENCE_LOG,1769986197495,LIGHT,0.0,-0.4147611,0.3141775,0.55637074,-0.66177374,1.493201
INFERENCE_LOG,1769986227506,REM,0.0,-0.41059333,0.085984334,-0.2547335,-0.55967665,-0.79524636
INFERENCE_LOG,1769986257518,REM,0.0,-0.33205807,0.13057691,-0.15222701,-0.5593917,-0.45454624
INFERENCE_LOG,1769986287532,LIGHT,0.0,-0.54805577,0.08864332,-0.35443705,-0.7620554,-0.016733859
INFERENCE_LOG,1769986317558,LIGHT,0.0,-0.587528,0.13974296,-0.35290843,-0.7609424,0.20701516
INFERENCE_LOG,1769986347569,REM,0.0,-0.5421888,0.111037,-0.3515616,-0.6579268,-0.18473874
INFERENCE_LOG,1769986377583,REM,0.0,-0.34073952,0.06653786,-0.14643578,-0.45323116,-0.11685382
INFERENCE_LOG,1769986407606,LIGHT,0.0,-0.4761593,0.068345375,-0.3498781,-0.6570486,-0.070975654
INFERENCE_LOG,1769986437625,LIGHT,0.0,-0.25728294,0.14585464,0.06058607,-0.4521059,0.025134416
INFERENCE_LOG,1769986467639,LIGHT,0.0,-0.34894532,0.0749868,-0.24626543,-0.45162523,0.23445667
INFERENCE_LOG,1769986497651,REM,0.0,0.05483589,0.2719745,0.4730086,-0.34962624,-0.33690566
INFERENCE_LOG,1769986527663,LIGHT,0.0,-6.443883E-6,0.05703354,0.1647783,-0.04120263,-1.1372802
INFERENCE_LOG,1769986557683,REM,0.0,0.5959954,0.2859148,0.9877039,0.05997327,-0.5399294
INFERENCE_LOG,1769986587698,REM,0.0,1.4614648,0.1976166,1.8044333,1.0841992,-0.89159065
INFERENCE_LOG,1769986617710,REM,0.0,1.4169979,0.18017991,1.6943489,1.0780132,-1.7218353
INFERENCE_LOG,1769986647722,LIGHT,0.0,1.2543948,0.1829745,1.5862154,0.8678408,-1.009209
INFERENCE_LOG,1769986677723,LIGHT,0.0,0.8585005,0.3747406,1.9944279,0.55741125,1.0519243
INFERENCE_LOG,1769986707725,REM,0.0,0.7293821,0.84076357,2.2992527,-0.16328943,0.8397669
INFERENCE_LOG,1769986737726,REM,0.0,0.2842781,0.11710157,0.5548499,0.14385474,-0.5673437
INFERENCE_LOG,1769986767735,LIGHT,0.0,0.35554323,0.2859974,0.760179,-0.06280901,0.6825178
INFERENCE_LOG,1769986797743,WAKE,0.0,0.9114393,0.59480864,1.8884579,0.03726481,1.7953418
INFERENCE_LOG,1769986827757,REM,0.0,-0.42133358,0.15441561,-0.16734296,-0.6821888,0.1375656
INFERENCE_LOG,1769986857757,REM,0.0,0.048814945,0.19264302,0.45098075,-0.16773587,-1.0556113
INFERENCE_LOG,1769986887757,REM,0.0,-0.05764681,0.28831327,0.3485176,-0.4775795,-0.56217366
INFERENCE_LOG,1769986917770,REM,0.0,0.0077393698,0.3700679,0.5557421,-0.4782253,-0.102595195
INFERENCE_LOG,1769986947780,REM,0.0,-0.009479147,0.091584034,0.1423958,-0.16825749,-0.6696491
INFERENCE_LOG,1769986977789,REM,0.0,0.42118552,0.29094207,0.7632825,-0.06604349,-0.7289324
INFERENCE_LOG,1769987007792,REM,0.0,0.20660995,0.18469702,0.55610013,-0.066753685,-0.5635648
INFERENCE_LOG,1769987037800,REM,0.0,-0.14263894,0.33513552,0.4533028,-0.48218712,-0.023184363
INFERENCE_LOG,1769987067806,REM,0.0,-0.27385625,0.12605184,0.038395382,-0.482024,0.1670343
INFERENCE_LOG,1769987097816,REM,0.0,-0.14525947,0.173752,0.038880818,-0.48227096,-0.19887984
INFERENCE_LOG,1769987127823,REM,0.0,-0.047902368,0.2514872,0.5609483,-0.2740469,0.8575877
INFERENCE_LOG,1769987157832,WAKE,0.0,0.3548594,0.6624598,1.7091157,-0.27527013,1.6046156
INFERENCE_LOG,1769987187847,REM,0.0,-0.038464542,0.517115,1.2928518,-0.5891137,1.6795058
INFERENCE_LOG,1769987217856,REM,0.0,-0.031446576,0.18599045,0.24775732,-0.27574998,-0.6762849
INFERENCE_LOG,1769987247861,REM,0.0,-0.097609036,0.1757578,0.3532387,-0.27585116,0.4009935
INFERENCE_LOG,1769987277872,REM,0.0,0.1119131,0.2396451,0.6683623,-0.27655146,-0.6581891
INFERENCE_LOG,1769987307879,WAKE,0.0,0.85865283,0.1302888,1.0862126,0.5610746,-0.6912602
INFERENCE_LOG,1769987337891,WAKE,0.0,1.5567527,0.76174843,3.0682251,0.34548038,2.5942924
INFERENCE_LOG,1769987367901,LIGHT,0.0,-0.5887573,0.38068503,0.66182923,-0.910137,2.2362463
INFERENCE_LOG,1769987397908,LIGHT,0.0,-0.4691309,0.2139722,-0.070478596,-0.6999296,0.7228346
INFERENCE_LOG,1769987427922,DEEP,0.0,-0.17860687,0.21780244,0.35013086,-0.38519976,0.520701
INFERENCE_LOG,1769987457928,DEEP,0.0,-0.30418125,0.12048787,-0.06927577,-0.490002,-0.19736874
INFERENCE_LOG,1769987487939,DEEP,0.0,8.440595E-4,0.07850899,0.24661607,-0.06937651,-0.694183
INFERENCE_LOG,1769987517946,DEEP,0.0,0.10248304,0.47585598,1.0901544,-0.38608038,0.85666794
INFERENCE_LOG,1769987547961,REM,0.0,-0.19598445,0.13739775,0.03630583,-0.38604015,-1.2050104
INFERENCE_LOG,1769987577968,DEEP,0.0,0.415696,0.22931953,0.7750837,0.035167824,-0.27811494
INFERENCE_LOG,1769987607982,DEEP,0.0,-6.635587E-5,0.16473562,0.35275856,-0.28232628,-0.15800339
INFERENCE_LOG,1769987637995,REM,0.0,0.15847498,0.07780763,0.24680154,-0.07117407,-1.3952293
INFERENCE_LOG,1769987668010,REM,0.0,0.320495,0.099364325,0.45845607,0.14008434,-1.3408182
INFERENCE_LOG,1769987698035,DEEP,0.0,0.38707933,0.088185996,0.45791203,0.13916491,-0.58534944
INFERENCE_LOG,1769987728064,DEEP,0.0,0.18493308,0.15461998,0.56438637,0.032442518,-0.18073247
INFERENCE_LOG,1769987758086,DEEP,0.0,-0.26149744,0.19190267,0.13973282,-0.499395,0.6033836
INFERENCE_LOG,1769987788110,DEEP,0.0,-0.009383572,0.18392488,0.35327473,-0.2867105,0.07774661
INFERENCE_LOG,1769987818132,REM,0.0,0.2746396,0.123114586,0.459757,0.13936149,-0.9275628
INFERENCE_LOG,1769987848160,DEEP,0.0,-0.106120475,0.20873445,0.24677458,-0.5017907,0.900242
INFERENCE_LOG,1769987878189,REM,0.0,0.11116426,0.06734773,0.2468023,-0.07444571,-1.0394065
INFERENCE_LOG,1769987908202,LIGHT,0.0,0.5952473,0.55318373,1.4237386,-0.18324877,1.3144678
INFERENCE_LOG,1769987938214,REM,0.0,-0.33629122,0.059934653,-0.18254894,-0.39707306,-1.3648803
INFERENCE_LOG,1769987968230,DEEP,0.0,-0.032337446,0.0813276,0.13951446,-0.18270786,-0.63538486
INFERENCE_LOG,1769987998240,REM,0.0,-0.12524968,0.07722367,0.032491148,-0.29016057,-0.8596838
INFERENCE_LOG,1769988028258,REM,0.0,0.039605264,0.19648448,0.35549825,-0.18295571,-0.8155168
INFERENCE_LOG,1769988058276,LIGHT,0.0,0.1793474,0.14595674,0.3554679,-0.07584762,0.19562376
INFERENCE_LOG,1769988088293,REM,0.0,-0.10445846,0.07340697,0.032306314,-0.18363807,-1.2636316
INFERENCE_LOG,1769988118308,LIGHT,0.0,-0.09712554,0.1434285,0.14072372,-0.29172948,-0.19008794
INFERENCE_LOG,1769988148321,LIGHT,0.0,0.68670934,0.6815049,2.1932151,-0.18547823,1.5859567
INFERENCE_LOG,1769988178341,REM,0.0,1.9589227,0.7851922,3.0386994,0.9939397,-0.36520994
INFERENCE_LOG,1769988208363,WAKE,0.0,1.1549764,0.48628384,2.0654502,0.12979718,1.0837151
INFERENCE_LOG,1769988238383,WAKE,0.0,-0.47162125,0.1611067,0.023540955,-0.7299667,1.0016935
INFERENCE_LOG,1769988268394,DEEP,0.0,-0.21297562,0.11608115,0.024137376,-0.40697718,-0.6623192
INFERENCE_LOG,1769988298416,WAKE,0.0,-0.17319,0.3643953,0.5641149,-0.73066443,1.4939029
INFERENCE_LOG,1769988328431,LIGHT,0.0,-0.29503518,0.19817294,-0.08259009,-0.7307277,0.171152
INFERENCE_LOG,1769988358440,LIGHT,0.0,-0.32336655,0.09127072,-0.18998241,-0.5144303,0.08751039
INFERENCE_LOG,1769988388459,WAKE,0.0,-0.38766178,0.12211856,-0.18917044,-0.5139745,-0.14387235
INFERENCE_LOG,1769988418479,WAKE,0.0,0.42691404,0.82381743,1.6505653,-0.73176455,3.4015088
INFERENCE_LOG,1769988448496,WAKE,0.0,-0.4926877,0.2555697,0.24433503,-0.73113626,0.29811838
INFERENCE_LOG,1769988478526,DEEP,0.0,-0.27190655,0.21278962,0.1368155,-0.5142462,-0.59409654
INFERENCE_LOG,1769988508557,DEEP,0.0,-0.08371017,0.13002522,0.0285596,-0.40603304,-0.8563831
INFERENCE_LOG,1769988538587,DEEP,0.0,-0.24995627,0.096002646,0.029243428,-0.40587297,-0.78186816
INFERENCE_LOG,1769988568615,LIGHT,0.0,-0.24598993,0.09212773,-0.07899424,-0.40572494,-0.016444072
INFERENCE_LOG,1769988598642,LIGHT,0.0,-0.52465564,0.094824806,-0.29573286,-0.62276536,0.041896958
INFERENCE_LOG,1769988628667,LIGHT,0.0,-0.24452375,0.10055767,0.03196796,-0.4045979,-0.18080138
INFERENCE_LOG,1769988658698,LIGHT,0.0,-0.31319553,0.1521445,0.032809336,-0.5135141,0.057705738
INFERENCE_LOG,1769988688724,WAKE,0.0,-0.5417251,0.19952628,-0.075131044,-0.84063685,0.96061444
INFERENCE_LOG,1769988718750,REM,0.0,-0.034982424,0.36799973,0.69122624,-0.4035607,0.08630145
INFERENCE_LOG,1769988748777,LIGHT,0.0,-0.2790915,0.16678315,0.25431237,-0.40330884,0.11863673
INFERENCE_LOG,1769988778790,WAKE,0.0,-0.51937497,0.08466124,-0.4023571,-0.6217656,-0.6975964
INFERENCE_LOG,1769988808808,WAKE,0.0,-0.5294796,0.09002675,-0.29157266,-0.62098235,-0.5133051
INFERENCE_LOG,1769988838820,REM,0.0,-0.37884945,0.1912263,-0.071081504,-0.6206671,-0.32165504
INFERENCE_LOG,1769988868833,LIGHT,0.0,-0.38561326,0.09731763,-0.18021668,-0.51031834,0.17339942
INFERENCE_LOG,1769988898850,LIGHT,0.0,-0.3045003,0.07909638,-0.17965376,-0.51012987,-0.20022196
INFERENCE_LOG,1769988928868,WAKE,0.0,-0.50199354,0.06934698,-0.39908284,-0.6196058,-0.5338061
INFERENCE_LOG,1769988958889,LIGHT,0.0,-0.49386898,0.07924447,-0.39821935,-0.6189493,0.59142053
INFERENCE_LOG,1769988988911,LIGHT,0.0,-0.3388755,0.15555155,-0.06634905,-0.6187675,0.25971472
INFERENCE_LOG,1769989018936,WAKE,0.0,-0.441316,0.19069348,-0.06531155,-0.61825925,-0.8633609
INFERENCE_LOG,1769989048958,LIGHT,0.0,-0.36706376,0.1307812,-0.06446696,-0.6179977,-0.15519783
INFERENCE_LOG,1769989078981,WAKE,0.0,-0.558034,0.13336754,-0.28473184,-0.8387227,0.28211114
INFERENCE_LOG,1769989108999,DEEP,0.0,-0.43919545,0.101648286,-0.17301776,-0.50573987,-0.88881606
INFERENCE_LOG,1769989139027,WAKE,0.0,-0.2982948,0.21401083,0.27163762,-0.50554293,-0.2027862
INFERENCE_LOG,1769989169056,WAKE,0.0,-0.5084452,0.12985706,-0.17136669,-0.7269906,0.0064511634
INFERENCE_LOG,1769989199086,DEEP,0.0,-0.2932116,0.059909433,-0.17083769,-0.39333573,-0.7067456
INFERENCE_LOG,1769989229112,LIGHT,0.0,-0.3150288,0.14704622,-0.05888047,-0.5043558,-0.17997585
INFERENCE_LOG,1769989259134,DEEP,0.0,-0.4109589,0.06489793,-0.28089732,-0.50386,-0.7974687
INFERENCE_LOG,1769989289164,DEEP,0.0,-0.4511705,0.068988845,-0.39165643,-0.6148342,-0.9627414
INFERENCE_LOG,1769989319182,LIGHT,0.0,-0.40966716,0.10432011,-0.16764978,-0.6144511,0.060224157
INFERENCE_LOG,1769989349209,LIGHT,0.0,-0.29755455,0.23291373,0.056531,-0.6143679,0.09663426
INFERENCE_LOG,1769989379235,LIGHT,0.0,-0.44971243,0.07498792,-0.27809617,-0.50194347,-0.5882574
INFERENCE_LOG,1769989409259,LIGHT,0.0,-0.58679706,0.0473757,-0.5009213,-0.61293316,-0.26072106
INFERENCE_LOG,1769989439278,DEEP,0.0,-0.28399062,0.11914142,-0.16438107,-0.50078297,-0.68891144
INFERENCE_LOG,1769989469293,LIGHT,0.0,-0.36198768,0.1032181,-0.16368006,-0.50042886,-0.33447972
INFERENCE_LOG,1769989499312,LIGHT,0.0,-0.4249908,0.08374734,-0.275179,-0.4998967,-0.26187807
INFERENCE_LOG,1769989529334,LIGHT,0.0,-0.2785619,0.09841683,-0.16233103,-0.49977547,-0.09734406
INFERENCE_LOG,1769989559347,REM,0.0,-0.46160582,0.11748247,-0.27396384,-0.7243046,-0.305401
INFERENCE_LOG,1769989589358,LIGHT,0.0,-0.33356372,0.10383892,-0.16075274,-0.49886116,0.13591555
INFERENCE_LOG,1769989619377,DEEP,0.0,-0.33312306,0.056285173,-0.27295166,-0.385773,-1.3423507
INFERENCE_LOG,1769989649392,LIGHT,0.0,-0.39274985,0.12687778,-0.1593567,-0.61108536,0.7120475
INFERENCE_LOG,1769989679408,LIGHT,0.0,-0.49741372,0.10109816,-0.27135134,-0.6104449,-0.0019154365
INFERENCE_LOG,1769989709422,LIGHT,0.0,-0.383861,0.07155861,-0.2707169,-0.4970051,-0.26187807
INFERENCE_LOG,1769989739446,LIGHT,0.0,-0.4548711,0.05457416,-0.38314658,-0.4963958,-0.202744
INFERENCE_LOG,1769989769467,WAKE,0.0,-0.50320077,0.092238635,-0.38229707,-0.60899156,-0.73787063
INFERENCE_LOG,1769989799490,LIGHT,0.0,-0.46852207,0.100124426,-0.26809475,-0.608443,-0.37669647
INFERENCE_LOG,1769989829513,LIGHT,0.0,-0.452751,0.11536792,-0.1537282,-0.6079401,0.52618855
INFERENCE_LOG,1769989859533,WAKE,0.0,-0.73908097,0.07235192,-0.6065334,-0.83375776,-0.014125108
INFERENCE_LOG,1769989889560,LIGHT,0.0,-0.5224423,0.05822701,-0.37841257,-0.6058279,-0.090463
INFERENCE_LOG,1769989919580,DEEP,0.0,-0.41953182,0.054847248,-0.37779933,-0.49161524,-1.0084974
INFERENCE_LOG,1769989949594,DEEP,0.0,-0.4000242,0.045570493,-0.37723896,-0.4911652,-1.269113
INFERENCE_LOG,1769989979607,WAKE,0.0,-0.4677047,0.1776251,0.07961431,-0.60453445,1.1105819
INFERENCE_LOG,1769990009627,WAKE,0.0,3.4103565,1.1219089,4.793466,0.40799654,3.1605186
INFERENCE_LOG,1769990039642,WAKE,0.0,2.752932,0.25825322,3.2996893,2.2954414,-1.0266979
INFERENCE_LOG,1769990069658,REM,0.0,1.4516859,1.0037593,3.2883246,-0.16232988,2.0209098
INFERENCE_LOG,1769990099673,WAKE,0.0,0.06761541,0.51770604,1.0628251,-0.60823596,3.401679
INFERENCE_LOG,1769990129689,LIGHT,0.0,-0.35151735,0.3102784,0.17254794,-0.8309813,2.755443
INFERENCE_LOG,1769990159708,REM,0.0,-0.19145645,0.24780373,0.3963971,-0.38492724,1.2086681
INFERENCE_LOG,1769990189719,REM,0.0,-0.2506429,0.37654313,0.5090437,-0.7198611,1.4085045
INFERENCE_LOG,1769990219730,REM,0.0,-0.3953551,0.09288828,-0.16052397,-0.60782135,-0.05881412
INFERENCE_LOG,1769990249736,REM,0.0,-0.4097202,0.08516061,-0.2716749,-0.49553216,-0.26187807
INFERENCE_LOG,1769990279747,REM,0.0,-0.21542484,0.35984424,0.5127878,-0.60753936,1.0969787
INFERENCE_LOG,1769990309754,REM,0.0,-0.7779005,0.13177037,-0.49396405,-0.94228476,0.14552866
INFERENCE_LOG,1769990339779,REM,0.0,-0.3105007,0.21770118,0.06719877,-0.605929,-0.40472117
INFERENCE_LOG,1769990369799,REM,0.0,-0.28767234,0.35988328,0.18019018,-0.83039284,0.18560974
INFERENCE_LOG,1769990399811,REM,0.0,-0.64222354,0.11360065,-0.49241146,-0.8294887,-0.84190255
INFERENCE_LOG,1769990429828,REM,0.0,-0.67482954,0.07940913,-0.4911997,-0.82847905,-0.56405914
INFERENCE_LOG,1769990459848,REM,0.0,-0.7895648,0.109944135,-0.6021116,-0.93952733,0.4435963
INFERENCE_LOG,1769990489871,REM,0.0,-0.7320738,0.07732818,-0.48826092,-0.825848,-0.27494276
INFERENCE_LOG,1769990519885,WAKE,0.0,-0.2927961,0.43707612,0.5255703,-0.82586044,1.0561802
INFERENCE_LOG,1769990549907,LIGHT,0.0,-0.14618203,0.5225879,0.7517179,-0.8261816,2.6859124
INFERENCE_LOG,1769990579926,LIGHT,0.0,-0.8845056,0.21335816,-0.4861989,-1.1625688,0.9185418
INFERENCE_LOG,1769990609950,LIGHT,0.0,0.437201,0.9094782,1.9928195,-0.7126041,4.271039
INFERENCE_LOG,1769990639974,LIGHT,0.0,-0.99224675,0.0697937,-0.8231562,-1.1613373,0.3404891
INFERENCE_LOG,1769990669997,LIGHT,0.0,-0.9938143,0.1387745,-0.5955161,-1.2718716,2.012918
INFERENCE_LOG,1769990700022,LIGHT,0.0,-0.75577676,0.1258638,-0.48135346,-1.045237,1.1861266
INFERENCE_LOG,1769990730044,REM,0.0,-0.6007201,0.23297763,-0.25465107,-0.93174267,0.17750657
INFERENCE_LOG,1769990760073,REM,0.0,-0.641099,0.13885869,-0.47924906,-0.81800467,-0.60940355
INFERENCE_LOG,1769990790098,LIGHT,0.0,-0.6475994,0.1994643,-0.2521526,-0.9300614,0.57934237
INFERENCE_LOG,1769990820120,REM,0.0,-0.6090258,0.097185396,-0.47712168,-0.70324296,-0.8689834
INFERENCE_LOG,1769990850150,LIGHT,0.0,-0.5629956,0.069644324,-0.36310866,-0.70253927,0.29963887
INFERENCE_LOG,1769990880180,LIGHT,0.0,-0.36266413,0.06538439,-0.24941505,-0.47591323,-0.119803794
INFERENCE_LOG,1769990910205,REM,0.0,0.23343706,0.55973923,1.2231528,-0.47674057,1.0650575
INFERENCE_LOG,1769990940234,REM,0.0,-0.555263,0.20318247,-0.022257643,-0.8160954,0.99705553
INFERENCE_LOG,1769990970262,LIGHT,0.0,-0.41863695,0.1598467,-0.13488045,-0.7023934,0.87591857
INFERENCE_LOG,1769991000290,REM,0.0,-0.365211,0.1956337,-0.13421781,-0.7022339,-0.031743165
INFERENCE_LOG,1769991030314,REM,0.0,-0.39878672,0.16433331,-0.13348216,-0.7019919,-0.0071715126
INFERENCE_LOG,1769991060331,LIGHT,0.0,-0.32259256,0.195652,0.094695695,-0.7019455,0.9926593
INFERENCE_LOG,1769991090354,LIGHT,0.0,-0.68945986,0.17480005,-0.35924968,-0.9285776,1.0296423
INFERENCE_LOG,1769991120380,REM,0.0,-0.2564799,0.04511388,-0.13110383,-0.3590603,-0.9083924
INFERENCE_LOG,1769991150408,DEEP,0.0,-0.35861692,0.19759008,-0.13045956,-0.700853,0.9343202
INFERENCE_LOG,1769991180419,REM,0.0,-0.38476467,0.09636043,-0.1297621,-0.47230285,-0.8694235
INFERENCE_LOG,1769991210431,LIGHT,0.0,-0.24365956,0.20014122,0.099206515,-0.5865256,0.5578265
INFERENCE_LOG,1769991240446,DEEP,0.0,-0.19771983,0.19726329,0.21411869,-0.47227883,0.34019107
INFERENCE_LOG,1769991270453,DEEP,0.0,0.027237127,0.100199096,0.32880238,-0.12927142,-0.0828451
INFERENCE_LOG,1769991300463,REM,0.0,0.069153674,0.08846791,0.21436048,-0.014913421,-0.97450155
INFERENCE_LOG,1769991330491,REM,0.0,-0.07978898,0.117339164,0.32950178,-0.24427032,-0.43178752
INFERENCE_LOG,1769991360518,REM,0.0,-0.30893016,0.2132005,0.21558483,-0.70327353,-0.13733943
INFERENCE_LOG,1769991390534,DEEP,0.0,-0.3620954,0.14686938,-0.12834616,-0.5881807,0.5920261
INFERENCE_LOG,1769991420542,REM,0.0,0.3195999,0.2808101,0.67627496,-0.12912032,-0.83042973
INFERENCE_LOG,1769991450560,LIGHT,0.0,0.07789444,0.26329327,1.0222623,-0.24457264,2.947834
INFERENCE_LOG,1769991480584,LIGHT,0.0,1.8002932,0.72874695,3.0826163,0.6710832,2.8581796
INFERENCE_LOG,1769991510608,REM,0.0,-0.23965506,0.30830893,0.7871015,-0.47718832,0.78248054
INFERENCE_LOG,1769991540636,REM,0.0,-0.4574559,0.11534659,-0.24657214,-0.59165466,-0.36113164
INFERENCE_LOG,1769991570665,REM,0.0,-0.100757964,0.27876619,0.5593518,-0.3617316,-0.12380247
INFERENCE_LOG,1769991600690,LIGHT,0.0,-0.5719969,0.24902488,0.21525475,-0.8216133,1.5918233
INFERENCE_LOG,1769991630711,LIGHT,0.0,-0.47921348,0.16703431,-0.24478005,-0.8212557,0.39484695
INFERENCE_LOG,1769991660734,REM,0.0,-0.17925067,0.18532822,0.2169737,-0.47545725,0.32316577
INFERENCE_LOG,1769991690762,WAKE,0.0,2.3981848,1.0044816,3.5377686,0.32551894,1.5005846
INFERENCE_LOG,1769991720788,LIGHT,0.0,-0.3317661,0.5047025,1.2447847,-0.8215683,3.414715
INFERENCE_LOG,1769991750813,LIGHT,0.0,-0.44982716,0.1721601,-0.13197333,-0.70640796,0.9539625
INFERENCE_LOG,1769991780840,LIGHT,0.0,-0.5562999,0.1683088,-0.24589707,-0.82071716,-0.059250943
INFERENCE_LOG,1769991810866,WAKE,0.0,-0.32599226,0.21038991,-0.13038544,-0.82076246,-0.34180272
INFERENCE_LOG,1769991840890,LIGHT,0.0,-0.58595765,0.2858729,-0.2444066,-1.0503136,0.7131668
INFERENCE_LOG,1769991870917,LIGHT,0.0,-0.5047109,0.18561491,-0.2435637,-0.8196237,0.17817548
INFERENCE_LOG,1769991900946,LIGHT,0.0,-0.62672126,0.08060552,-0.47301257,-0.7035756,0.1814693
INFERENCE_LOG,1769991930971,LIGHT,0.0,-0.5759893,0.10467279,-0.35680997,-0.7028826,0.26844034
INFERENCE_LOG,1769991961000,LIGHT,0.0,-0.54067534,0.109918855,-0.35597473,-0.7022884,0.13631116
INFERENCE_LOG,1769991991024,LIGHT,0.0,-0.57454026,0.054590162,-0.47057697,-0.7016066,-0.42029917
INFERENCE_LOG,1769992021040,LIGHT,0.0,-0.5929817,0.13654748,-0.46968856,-0.8164505,-0.16399302
INFERENCE_LOG,1769992051044,LIGHT,0.0,-0.4267997,0.101215616,-0.23785532,-0.584896,-0.017208926
INFERENCE_LOG,1769992081056,LIGHT,0.0,-0.5995067,0.07156343,-0.46831962,-0.6998261,1.1145473
INFERENCE_LOG,1769992111070,WAKE,0.0,-0.4985652,0.09426588,-0.35183653,-0.69935185,-0.6951686
INFERENCE_LOG,1769992141082,LIGHT,0.0,-0.65593874,0.12149763,-0.35073015,-0.81433815,0.23511669
INFERENCE_LOG,1769992171106,LIGHT,0.0,-0.6126001,0.119525395,-0.46570247,-0.81361794,0.032856822
INFERENCE_LOG,1769992201132,LIGHT,0.0,-0.43426538,0.07299636,-0.23308782,-0.58127975,-0.550489
INFERENCE_LOG,1769992231150,LIGHT,0.0,-0.5805085,0.112200156,-0.34823206,-0.81278485,0.29989603
INFERENCE_LOG,1769992261178,LIGHT,0.0,-0.7689934,0.07638357,-0.57922614,-0.92777824,-0.1884191
INFERENCE_LOG,1769992291198,LIGHT,0.0,-0.52434826,0.07789717,-0.34607393,-0.69487154,-0.27544618
INFERENCE_LOG,1769992321225,LIGHT,0.0,-0.61652267,0.09655747,-0.461409,-0.81041473,0.45554584
INFERENCE_LOG,1769992351252,LIGHT,0.0,-0.55763566,0.100066446,-0.4606254,-0.69345003,0.32720205
INFERENCE_LOG,1769992381261,LIGHT,0.0,-0.42133406,0.091900095,-0.22715966,-0.57667357,0.13967554
INFERENCE_LOG,1769992411280,LIGHT,0.0,-0.5487889,0.10288957,-0.3428264,-0.6925741,0.47153464
INFERENCE_LOG,1769992441307,LIGHT,0.0,-0.5791216,0.09275658,-0.4585763,-0.69188976,0.13276216
INFERENCE_LOG,1769992471327,WAKE,0.0,0.027453132,0.71254003,1.6419733,-0.6922727,1.0802257
INFERENCE_LOG,1769992501356,WAKE,0.0,1.4420241,0.8940069,3.5001826,0.58769417,2.3901556
INFERENCE_LOG,1769992531379,LIGHT,0.0,0.64811885,1.1433187,3.1472168,-0.6945643,2.9820704
INFERENCE_LOG,1769992561393,LIGHT,0.0,-0.7671137,0.09736223,-0.5768915,-0.92627925,0.010053239
INFERENCE_LOG,1769992591410,LIGHT,0.0,-0.81623805,0.20824772,-0.45898685,-1.1579566,1.4567171
INFERENCE_LOG,1769992621421,LIGHT,0.0,-0.8226755,0.07204388,-0.57407737,-0.9236685,-0.14244452
INFERENCE_LOG,1769992651432,LIGHT,0.0,-0.86781424,0.13368675,-0.5725396,-1.1553185,1.179387
INFERENCE_LOG,1769992681441,LIGHT,0.0,-0.73074794,0.13289404,-0.5713869,-1.0378094,-0.003853291
INFERENCE_LOG,1769992711451,LIGHT,0.0,-0.6172101,0.098079674,-0.45386735,-0.8038874,0.10388721
INFERENCE_LOG,1769992741462,LIGHT,0.0,-0.72504246,0.11004902,-0.56940967,-0.9195835,0.6387888
INFERENCE_LOG,1769992771474,LIGHT,0.0,-0.8365115,0.12484347,-0.6847286,-1.1517528,0.9914741
INFERENCE_LOG,1769992801492,LIGHT,0.0,-0.73813,0.058273055,-0.6836205,-0.8004265,-0.21434872
INFERENCE_LOG,1769992831504,LIGHT,0.0,-0.6748994,0.07350047,-0.5658249,-0.79955596,0.26297262
INFERENCE_LOG,1769992861518,LIGHT,0.0,-0.68174034,0.09546767,-0.5648168,-0.79866385,0.33287418
INFERENCE_LOG,1769992891519,LIGHT,0.0,-0.6846859,0.063954696,-0.5638049,-0.7977681,-0.07269988
INFERENCE_LOG,1769992921527,LIGHT,0.0,-0.8587451,0.09425535,-0.67933065,-1.0303589,-0.29734677
INFERENCE_LOG,1769992951535,LIGHT,0.0,-0.6433679,0.086295806,-0.44434386,-0.7955627,0.45554584
INFERENCE_LOG,1769992981556,LIGHT,0.0,-0.7982367,0.047651313,-0.6772206,-0.91144544,-0.12230408
INFERENCE_LOG,1769993011570,LIGHT,0.0,-0.69576716,0.08601199,-0.55907106,-0.79340726,0.4850472
INFERENCE_LOG,1769993041582,LIGHT,0.0,-0.7727185,0.096100375,-0.67504257,-1.0266758,-0.32158628
INFERENCE_LOG,1769993071592,LIGHT,0.0,-0.69361156,0.10951842,-0.43953434,-0.79133356,-0.05086654
INFERENCE_LOG,1769993101602,LIGHT,0.0,-0.81350785,0.15853655,-0.5554468,-1.0246487,0.8337219
INFERENCE_LOG,1769993131617,LIGHT,0.0,-0.703048,0.06730172,-0.55439836,-0.78910834,-0.25615436
INFERENCE_LOG,1769993161628,LIGHT,0.0,-0.75670385,0.0853793,-0.5532094,-0.9054113,0.21403371
INFERENCE_LOG,1769993191631,LIGHT,0.0,-0.71265465,0.1027666,-0.5521357,-0.90449435,0.728604
INFERENCE_LOG,1769993221634,LIGHT,0.0,-0.73509216,0.094408475,-0.6685079,-0.9035113,-0.6604431
INFERENCE_LOG,1769993251644,LIGHT,0.0,-0.5894366,0.08220676,-0.4326744,-0.66781765,0.21352468
INFERENCE_LOG,1769993281648,LIGHT,0.0,-0.7529437,0.09571358,-0.54907346,-0.90192574,-0.20904483
INFERENCE_LOG,1769993311654,LIGHT,0.0,-0.6814507,0.08978964,-0.54808646,-0.9011095,-0.20904483
INFERENCE_LOG,1769993341666,LIGHT,0.0,-0.75097483,0.06028212,-0.66464615,-0.900088,-0.40228385
INFERENCE_LOG,1769993371674,LIGHT,0.0,-0.69116735,0.13144247,-0.5459112,-0.89923704,0.050575104
INFERENCE_LOG,1769993401684,LIGHT,0.0,-0.5883523,0.18875133,-0.3094601,-0.898669,0.33851564
INFERENCE_LOG,1769993431694,LIGHT,0.0,-0.7248221,0.06622516,-0.66194624,-0.8977307,-0.19105011
INFERENCE_LOG,1769993461712,LIGHT,0.0,-0.65715504,0.08331222,-0.5431344,-0.7790392,0.97866046
INFERENCE_LOG,1769993491723,LIGHT,0.0,-0.6170592,0.08335854,-0.42429647,-0.7783505,-0.3177091
INFERENCE_LOG,1769993521730,LIGHT,0.0,-0.6437598,0.1319574,-0.42334607,-0.8956612,-0.045860693
INFERENCE_LOG,1769993551735,WAKE,0.0,-0.12395016,1.1528424,3.0002258,-1.0131992,3.8868434
INFERENCE_LOG,1769993581740,LIGHT,0.0,1.0251999,1.3988389,3.346395,-0.5419014,2.1999588
INFERENCE_LOG,1769993611746,DEEP,0.0,-0.6353502,0.11550725,-0.54103893,-0.8947062,-0.49593732
INFERENCE_LOG,1769993641750,DEEP,0.0,-0.66983104,0.1373783,-0.4221454,-0.8939276,-0.46745387
INFERENCE_LOG,1769993672748,LIGHT,0.0,-0.7081449,0.24120942,-0.30302852,-1.128994,1.7999129
INFERENCE_LOG,1769993702748,LIGHT,0.0,-0.6129889,0.07138083,-0.42015663,-0.6562778,-0.38073584
INFERENCE_LOG,1769993733740,LIGHT,0.0,-0.5454104,0.16406974,-0.18313284,-0.6556688,-0.032626048
INFERENCE_LOG,1769993764725,LIGHT,0.0,-0.7923189,0.17813279,-0.2999311,-1.0089694,1.0257406
INFERENCE_LOG,1769993794725,LIGHT,0.0,-0.6457361,0.18042882,-0.29892504,-0.8900803,0.7217757
INFERENCE_LOG,1769993824730,DEEP,0.0,-0.3734187,0.14804377,-0.061844334,-0.6534412,-0.5933378
INFERENCE_LOG,1769993854739,LIGHT,0.0,-0.76279396,0.0804711,-0.6523222,-0.8890474,0.689925
INFERENCE_LOG,1769993884743,LIGHT,0.0,-0.71448773,0.06651797,-0.65133387,-0.8881608,0.04815394
INFERENCE_LOG,1769993914747,LIGHT,0.0,-0.386476,0.14572297,-0.17712513,-0.65112716,-0.35717154
INFERENCE_LOG,1769993945746,LIGHT,0.0,-0.6148219,0.087397866,-0.41325626,-0.76896036,0.08316687
INFERENCE_LOG,1769993976745,LIGHT,0.0,-0.6771469,0.14262378,-0.41221878,-0.88671696,0.6854882
INFERENCE_LOG,1769994007743,LIGHT,0.0,-0.5696628,0.27295795,-0.29271987,-1.0048589,0.89872706
INFERENCE_LOG,1769994038742,LIGHT,0.0,-0.5570908,0.15839605,-0.29186028,-0.76690006,-0.45137936
INFERENCE_LOG,1769994069740,LIGHT,0.0,-0.283655,0.074753694,-0.17272072,-0.410437,-0.063575014
INFERENCE_LOG,1769994099745,LIGHT,0.0,-0.24380517,0.13940148,0.065475486,-0.4103409,-0.11408452
INFERENCE_LOG,1769994129752,DEEP,0.0,0.07730175,0.12804273,0.3035079,-0.17271557,-0.9292247
INFERENCE_LOG,1769994159756,LIGHT,0.0,-0.029821614,0.16395819,0.18466099,-0.291967,-0.18999647
INFERENCE_LOG,1769994189756,LIGHT,0.0,-0.2282027,0.15313174,0.06595484,-0.41105738,-0.030798636
INFERENCE_LOG,1769994219760,LIGHT,0.0,-0.053250678,0.14122215,0.18545833,-0.4113142,-0.2988735
INFERENCE_LOG,1769994249762,DEEP,0.0,-0.0214035,0.2327197,0.42455274,-0.29216266,-0.62254304
INFERENCE_LOG,1769994279768,LIGHT,0.0,0.0024850315,0.12999159,0.18580183,-0.17286147,-0.16054292
INFERENCE_LOG,1769994310764,WAKE,0.0,0.6670477,0.473845,1.3806129,-0.17408219,1.1160222
INFERENCE_LOG,1769994341755,WAKE,0.0,2.3092911,1.2946686,4.1057487,0.17971589,3.965118
INFERENCE_LOG,1769994372749,REM,0.0,-0.2404551,0.2621775,0.41835633,-0.53414214,-0.08836294
INFERENCE_LOG,1769994403749,REM,0.0,0.18007126,0.37426594,0.894973,-0.29652986,-0.17952882
INFERENCE_LOG,1769994434744,REM,0.0,0.23937392,0.25341773,0.6567197,-0.05873019,0.46304736
